Reel_Abstract_3x1_MED.png,https://static1.squarespace.com/static/586488fed482e92ded46e4d8/t/66d8b9677a7959610c885f0e/1725479271993/Reel_Abstract_3x1_MED.png
AnheuserBusch_3x1_MED.png,https://static1.squarespace.com/static/586488fed482e92ded46e4d8/t/66da11a098f4a708473da35f/1725567393010/AnheuserBusch_3x1_MED.png
BlackMath_ReebokSustainability_3x1.mp4,https://static1.squarespace.com/static/586488fed482e92ded46e4d8/t/66e50b685bf8c75851015ebd/1726286697357/BlackMath_ReebokSustainability_3x1.mp4
BlackMath_ReebokSustainabilityDARK..png,https://static1.squarespace.com/static/586488fed482e92ded46e4d8/t/66e50b7852ff0d48c805d75a/1726286713147/BlackMath_ReebokSustainabilityDARK..png
TexasMonthly_3x1.mp4,https://static1.squarespace.com/static/586488fed482e92ded46e4d8/t/670ac0b08509c52b26d73927/1728757970316/TexasMonthly_3x1.mp4
NETRMA_SafeDriving_3x1.mp4,https://static1.squarespace.com/static/586488fed482e92ded46e4d8/t/670ada497504a62f06642840/1728764519146/NETRMA_SafeDriving_3x1.mp4
AshBritt_02_3x1.mp4,https://static1.squarespace.com/static/586488fed482e92ded46e4d8/t/670b4bfaa51b5d418cde5087/1728793620163/AshBritt_02_3x1.mp4
Website_Header_V04.mp4,https://static1.squarespace.com/static/586488fed482e92ded46e4d8/t/670c089dc336b03983334dc1/1728841952565/Website_Header_V04.mp4
Header_V04_Still.png,https://static1.squarespace.com/static/586488fed482e92ded46e4d8/t/670cbb1e352d6c38ef07c648/1728887585942/Header_V04_Still.png
Header_V03_Still.png,https://static1.squarespace.com/static/586488fed482e92ded46e4d8/t/670d646414a86476ae85adb4/1728930941851/Header_V03_Still.png
SinePlay_8.gif,https://static1.squarespace.com/static/586488fed482e92ded46e4d8/t/67c1eaeae222422e896fe7bb/1740761834371/SinePlay_8.gif
Direwolf_3x1Banner.mp4,https://static1.squarespace.com/static/586488fed482e92ded46e4d8/t/6843122a81888f04b6b14704/1749226043832/Direwolf_3x1Banner.mp4
3x1 banner_4.mp4,https://static1.squarespace.com/static/586488fed482e92ded46e4d8/t/684314f5e2ade170de928aa5/1749226759380/3x1%20banner_4.mp4
Sellout_01.png,https://static1.squarespace.com/static/586488fed482e92ded46e4d8/t/68431fe999e1d910a7358bf2/1749229547103/Sellout_01.png
3x1.gif,https://static1.squarespace.com/static/586488fed482e92ded46e4d8/t/684323074c70b91287b8be85/1749230397236/3x1.gif
3x1 banner_2.mp4,https://static1.squarespace.com/static/586488fed482e92ded46e4d8/t/684323c35b44d53ec01b1624/1749230601891/3x1%20banner_2.mp4
Direwolf_01.png,https://static1.squarespace.com/static/586488fed482e92ded46e4d8/t/68448eb1f08c5a30047bb818/1749323441812/Direwolf_01.png
Direwolf_02.png,https://static1.squarespace.com/static/586488fed482e92ded46e4d8/t/68449bfd7fead83518f8e64b/1749326845617/Direwolf_02.png
DrumWave_3x1_V01.mp4,https://static1.squarespace.com/static/586488fed482e92ded46e4d8/t/6844b1469201243ca96a7752/1749332301834/DrumWave_3x1_V01.mp4
AshBritt_02_3x1 (0-00-10-17).png,https://static1.squarespace.com/static/586488fed482e92ded46e4d8/t/6844bd2e7a718e0fcfa9a10c/1749335344628/AshBritt_02_3x1%20(0-00-10-17).png
pinterest-svgrepo-com.png,https://static1.squarespace.com/static/586488fed482e92ded46e4d8/t/6846505ccefcf30bd1b4666f/1749438556452/pinterest-svgrepo-com.png
linkedin-svgrepo-com.png,https://static1.squarespace.com/static/586488fed482e92ded46e4d8/t/684650611583831c2f08f2f3/1749438561393/linkedin-svgrepo-com.png
instagram-svgrepo-com.png,https://static1.squarespace.com/static/586488fed482e92ded46e4d8/t/68465078eb56b5656c8614e4/1749438584495/instagram-svgrepo-com.png
instagram-svgrepo-com_Inverted.png,https://static1.squarespace.com/static/586488fed482e92ded46e4d8/t/684658f8c4ff81390970da19/1749440760147/instagram-svgrepo-com_Inverted.png
linkedin-svgrepo-com inverted.png,https://static1.squarespace.com/static/586488fed482e92ded46e4d8/t/684658fdc8c7b1208dfb1315/1749440765099/linkedin-svgrepo-com%20inverted.png
pinterest-svgrepo-com_Inverted.png,https://static1.squarespace.com/static/586488fed482e92ded46e4d8/t/68465902ea602c0c6b67271d/1749440770080/pinterest-svgrepo-com_Inverted.png
Sellout_3x1_02.png,https://static1.squarespace.com/static/586488fed482e92ded46e4d8/t/6847544182db9c73c1f7d954/1749505090476/Sellout_3x1_02.png
Sellout_3x1_01.png,https://static1.squarespace.com/static/586488fed482e92ded46e4d8/t/6847544b1bed8d02d049ea50/1749505099522/Sellout_3x1_01.png
SafeDriving_3x1_01.png,https://static1.squarespace.com/static/586488fed482e92ded46e4d8/t/68475450efc25c0f5d581443/1749505105023/SafeDriving_3x1_01.png
DrumWave_3x1_03.png,https://static1.squarespace.com/static/586488fed482e92ded46e4d8/t/68475455189c0c64f111a235/1749505109860/DrumWave_3x1_03.png
DrumWave_3x1_02.png,https://static1.squarespace.com/static/586488fed482e92ded46e4d8/t/6847545a6c1f72605d2ce16c/1749505114898/DrumWave_3x1_02.png
DrumWave_3x1_01.png,https://static1.squarespace.com/static/586488fed482e92ded46e4d8/t/684754648b53b06596988527/1749505124812/DrumWave_3x1_01.png
DireWolf_3x1.png,https://static1.squarespace.com/static/586488fed482e92ded46e4d8/t/6847546a10c846704835f25c/1749505130579/DireWolf_3x1.png
TexasMonthly_3x1.png,https://static1.squarespace.com/static/586488fed482e92ded46e4d8/t/68475470195bd867c7e98728/1749505137350/TexasMonthly_3x1.png
Reebok_3x1_01.png,https://static1.squarespace.com/static/586488fed482e92ded46e4d8/t/68475654164c07041875c346/1749505620812/Reebok_3x1_01.png
TexasMonthly_TRIM_3x1.mp4,https://static1.squarespace.com/static/586488fed482e92ded46e4d8/t/6847568dd4487541274735c2/1749505679583/TexasMonthly_TRIM_3x1.mp4
NETRMA_SafeDriving_TRIM_3x1.mp4,https://static1.squarespace.com/static/586488fed482e92ded46e4d8/t/6847569cdd1e555f15c7c47e/1749505694840/NETRMA_SafeDriving_TRIM_3x1.mp4
Sellout_3x1_03.png,https://static1.squarespace.com/static/586488fed482e92ded46e4d8/t/68475ca4546dda494a25f2ac/1749507237082/Sellout_3x1_03.png
DireWolf_3x1 banner_7.mp4,https://static1.squarespace.com/static/586488fed482e92ded46e4d8/t/6847602ac3b83453d58862b9/1749508139986/DireWolf_3x1%20banner_7.mp4
DireWolf_3x1 banner_8.mp4,https://static1.squarespace.com/static/586488fed482e92ded46e4d8/t/686569d6355fd216038a39c1/1751476695194/DireWolf_3x1%20banner_8.mp4
Website_Header_V06_11mpbs_1920.mp4,https://static1.squarespace.com/static/586488fed482e92ded46e4d8/t/6865cddeb26a3710e59c437d/1751502306517/Website_Header_V06_11mpbs_1920.mp4
Website_Header_V07_12mpbs_2460.mp4,https://static1.squarespace.com/static/586488fed482e92ded46e4d8/t/6865d1d0951a0623556bc2ee/1751503316036/Website_Header_V07_12mpbs_2460.mp4
Lyft_3x1_03.png,https://static1.squarespace.com/static/586488fed482e92ded46e4d8/t/68b21068ceefb74e1b01f3e2/1756500072287/Lyft_3x1_03.png
